Article Title,Link
Watch Explosions in the Sky's Thunderous 'Colbert' Performance,http://www.rollingstone.com/tv/news/watch-explosions-in-the-skys-thunderous-colbert-performance-20160405
Hear Explosions in the Sky's Dynamic New Song 'Logic of a Dream',http://www.rollingstone.com/music/news/hear-explosions-in-the-skys-dynamic-new-song-logic-of-a-dream-20160229
Explosions in the Sky Return With New LP 'The Wilderness',http://www.rollingstone.com/music/news/explosions-in-the-sky-return-with-new-lp-the-wilderness-20160111
"Fiona Apple, Beck, Passion Pit Headline Governors Ball in New York City",http://www.rollingstone.com/music/news/fiona-apple-beck-passion-pit-headline-governors-ball-in-new-york-city-20120228
Behind Explosions in the Sky's Dramatic 'Prince Avalanche' Score,http://www.rollingstone.com/music/news/behind-explosions-in-the-skys-dramatic-prince-avalanche-score-20130808
Reviewed: Beastie Boys Return to Form; Radiohead's New Electro-Ballads,http://www.rollingstone.com/music/news/reviewed-beastie-boys-return-to-form-radioheads-new-electro-ballads-20110426
"Metallica, Stevie Wonder, Neil Young and Crazy Horse to Headline Outside Lands",http://www.rollingstone.com/music/news/metallica-stevie-wonder-neil-young-and-crazy-horse-to-headline-outside-lands-20120417
"Beck, Fiona Apple Deliver Old Hits at Governor's Ball",http://www.rollingstone.com/music/news/beck-fiona-apple-deliver-old-hits-at-governors-ball-20120625
"Jack White, Beck, Bon Iver to Headline Sasquatch Festival",http://www.rollingstone.com/music/news/jack-white-beck-bon-iver-to-headline-sasquatch-festival-20120203
The Wilderness,http://www.rollingstone.com/music/albumreviews/explosions-in-the-sky-the-wilderness-20160413
Prince Avalanche: An Original Motion Picture Soundtrack,http://www.rollingstone.com/music/albumreviews/prince-avalanche-an-original-motion-picture-soundtrack-20130812
Rave Tapes,http://www.rollingstone.com/music/albumreviews/rave-tapes-20140121
Allelujah! Don't Bend! Ascend!,http://www.rollingstone.com/music/albumreviews/allelujah-dont-bend-ascend-20121120
The Hottest Performances from Lollapalooza 2011,http://www.rollingstone.com/music/pictures/lollapalooza-2011-in-pictures-20110801/explosions-in-the-sky-0101730
Coachella 2012 Behind the Scenes,http://www.rollingstone.com/music/pictures/behind-the-scenes-at-coachella-2012-20120414/explosions-in-the-sky-0093445
Governor's Ball 2012,http://www.rollingstone.com/music/pictures/governors-ball-2012-20120625/explosions-in-the-sky-0635324
Coachella 2012 Weekend One Live Photos,http://www.rollingstone.com/music/pictures/live-photos-from-coachella-2012-weekend-one-20120414/explosions-in-the-sky-0165124
"Springsteen, Neil Young, The Feelies, Explosions in the Sky",http://www.rollingstone.com/music/pictures/the-week-in-live-shots-u2-bob-dylan-kid-rock-mgmt-and-more-20090702
Virgin Festival 2007,http://www.rollingstone.com/music/pictures/virgin-festival-2007-20070806/virgin-festival-2007-explosions-in-the-sky-1984767
"This Week in Live Shots: U2, Bob Dylan, Kid Rock, MGMT and More",http://www.rollingstone.com/music/pictures/the-week-in-live-shots-u2-bob-dylan-kid-rock-mgmt-and-more-20090702/best-of-live-july-3-2009-explosions-in-the-sky-9458309
The New Pornographers' Treasure Island Fest Photo Diary,http://www.rollingstone.com/music/pictures/new-pornographers-treasure-island-festival-20141028/explosions-in-the-sky-20141028
"INDIE ROCK UNIVERSE: Angry Red, Outer Spiderland",http://www.rollingstone.com/music/pictures/indie-rock-universe-20071106/indie-rock-universe-angry-red-outer-spiderland-58678507
